{
  "generated_at": "2026-04-15T22:09:26.444969",
  "stats": {
    "total_trades": 24,
    "wins": 7,
    "losses": 17,
    "wr": 29.2,
    "pf": 0.756,
    "total_pnl": -88.82,
    "max_dd": 101.75,
    "pnl_1m": -51.42,
    "trades_1m": 13,
    "pnl_6m": -88.82,
    "trades_6m": 24,
    "pnl_12m": -88.82,
    "trades_12m": 24,
    "pnl_24m": -88.82,
    "trades_24m": 24,
    "by_strategy": {
      "S01_EXHAUSTION": {
        "n": 4,
        "wr": 25.0,
        "pnl": -37.11,
        "pf": 0.5
      },
      "S09_MFKK_SCALPING": {
        "n": 9,
        "wr": 11.1,
        "pnl": -112.04,
        "pf": 0.16
      },
      "S05_MFKK_INTRADAY": {
        "n": 11,
        "wr": 45.5,
        "pnl": 60.33,
        "pf": 1.39
      }
    },
    "by_regime": {
      "TREND_DOWN": {
        "n": 4,
        "pnl": -37.11
      },
      "WEAK_UP": {
        "n": 3,
        "pnl": -35.77
      },
      "TREND_UP": {
        "n": 6,
        "pnl": -76.27
      },
      "VOLATILE": {
        "n": 1,
        "pnl": -41.08
      },
      "WEAK_DOWN": {
        "n": 10,
        "pnl": 101.41
      }
    },
    "equity_curve": [
      [
        1771329600,
        -18.0
      ],
      [
        1771841700,
        -26.84
      ],
      [
        1771849800,
        -5.899999999999999
      ],
      [
        1771925400,
        -16.29
      ],
      [
        1772458200,
        -34.379999999999995
      ],
      [
        1772474400,
        -60.669999999999995
      ],
      [
        1772546400,
        -101.75
      ],
      [
        1772550000,
        -22.409999999999997
      ],
      [
        1772676000,
        -53.5
      ],
      [
        1772730000,
        -13.93
      ],
      [
        1772809200,
        -37.4
      ],
      [
        1773327600,
        -57.07
      ],
      [
        1773820800,
        -71.89
      ],
      [
        1773835200,
        -51.150000000000006
      ],
      [
        1773838800,
        -26.910000000000007
      ],
      [
        1773954000,
        -72.52000000000001
      ],
      [
        1774439100,
        -87.16000000000001
      ],
      [
        1774448100,
        -99.45000000000002
      ],
      [
        1774548000,
        -46.570000000000014
      ],
      [
        1775145600,
        -9.680000000000014
      ],
      [
        1775646000,
        -29.590000000000014
      ],
      [
        1775651400,
        -46.000000000000014
      ],
      [
        1775667600,
        -62.51000000000002
      ],
      [
        1775743200,
        -88.82000000000002
      ]
    ]
  },
  "trades": [
    {
      "strategy": "S01_EXHAUSTION",
      "regime": "TREND_DOWN",
      "tf": "M15",
      "dir": "sell",
      "entry": 4916.93,
      "tp": 4889.93,
      "sl": 4934.93,
      "tp_pts": 27.0,
      "sl_pts": 18.0,
      "open_t": 1771318800,
      "open_bar_j": 4263,
      "last_checked_j": 4275,
      "result": "sl",
      "pnl": -18.0,
      "close_t": 1771329600
    },
    {
      "strategy": "S09_MFKK_SCALPING",
      "regime": "WEAK_UP",
      "tf": "M15",
      "dir": "buy",
      "entry": 5136.53,
      "tp": 5149.78,
      "sl": 5127.69,
      "tp_pts": 13.25,
      "sl_pts": 8.84,
      "open_t": 1771837200,
      "open_bar_j": 4631,
      "last_checked_j": 4635,
      "result": "sl",
      "pnl": -8.84,
      "close_t": 1771841700
    },
    {
      "strategy": "S09_MFKK_SCALPING",
      "regime": "TREND_UP",
      "tf": "M30",
      "dir": "buy",
      "entry": 5139.87,
      "tp": 5160.8099999999995,
      "sl": 5125.91,
      "tp_pts": 20.94,
      "sl_pts": 13.96,
      "open_t": 1771840800,
      "open_bar_j": 3317,
      "last_checked_j": 3321,
      "result": "tp",
      "pnl": 20.94,
      "close_t": 1771849800
    },
    {
      "strategy": "S01_EXHAUSTION",
      "regime": "TREND_DOWN",
      "tf": "M15",
      "dir": "sell",
      "entry": 5173.15,
      "tp": 5157.57,
      "sl": 5183.54,
      "tp_pts": 15.58,
      "sl_pts": 10.39,
      "open_t": 1771920000,
      "open_bar_j": 4719,
      "last_checked_j": 4723,
      "result": "sl",
      "pnl": -10.39,
      "close_t": 1771925400
    },
    {
      "strategy": "S09_MFKK_SCALPING",
      "regime": "TREND_UP",
      "tf": "M30",
      "dir": "buy",
      "entry": 5393.92,
      "tp": 5421.06,
      "sl": 5375.83,
      "tp_pts": 27.14,
      "sl_pts": 18.09,
      "open_t": 1772445600,
      "open_bar_j": 3547,
      "last_checked_j": 3553,
      "result": "sl",
      "pnl": -18.09,
      "close_t": 1772458200
    },
    {
      "strategy": "S09_MFKK_SCALPING",
      "regime": "TREND_UP",
      "tf": "M30",
      "dir": "buy",
      "entry": 5333.46,
      "tp": 5372.9,
      "sl": 5307.17,
      "tp_pts": 39.44,
      "sl_pts": 26.29,
      "open_t": 1772467200,
      "open_bar_j": 3559,
      "last_checked_j": 3563,
      "result": "sl",
      "pnl": -26.29,
      "close_t": 1772474400
    },
    {
      "strategy": "S05_MFKK_INTRADAY",
      "regime": "VOLATILE",
      "tf": "M15",
      "dir": "sell",
      "entry": 5144.43,
      "tp": 5082.820000000001,
      "sl": 5185.51,
      "tp_pts": 61.61,
      "sl_pts": 41.08,
      "open_t": 1772542800,
      "open_bar_j": 5199,
      "last_checked_j": 5203,
      "result": "sl",
      "pnl": -41.08,
      "close_t": 1772546400
    },
    {
      "strategy": "S05_MFKK_INTRADAY",
      "regime": "WEAK_DOWN",
      "tf": "H1",
      "dir": "sell",
      "entry": 5224.55,
      "tp": 5145.21,
      "sl": 5277.4400000000005,
      "tp_pts": 79.34,
      "sl_pts": 52.89,
      "open_t": 1772546400,
      "open_bar_j": 550,
      "last_checked_j": 550,
      "result": "tp",
      "pnl": 79.34,
      "close_t": 1772550000
    },
    {
      "strategy": "S05_MFKK_INTRADAY",
      "regime": "WEAK_DOWN",
      "tf": "H1",
      "dir": "sell",
      "entry": 5144.65,
      "tp": 5098.0199999999995,
      "sl": 5175.74,
      "tp_pts": 46.63,
      "sl_pts": 31.09,
      "open_t": 1772640000,
      "open_bar_j": 575,
      "last_checked_j": 575,
      "result": "sl",
      "pnl": -31.09,
      "close_t": 1772676000
    },
    {
      "strategy": "S05_MFKK_INTRADAY",
      "regime": "WEAK_DOWN",
      "tf": "H1",
      "dir": "sell",
      "entry": 5117.9,
      "tp": 5078.33,
      "sl": 5144.28,
      "tp_pts": 39.57,
      "sl_pts": 26.38,
      "open_t": 1772722800,
      "open_bar_j": 597,
      "last_checked_j": 597,
      "result": "tp",
      "pnl": 39.57,
      "close_t": 1772730000
    },
    {
      "strategy": "S05_MFKK_INTRADAY",
      "regime": "WEAK_DOWN",
      "tf": "H1",
      "dir": "sell",
      "entry": 5085.57,
      "tp": 5050.36,
      "sl": 5109.04,
      "tp_pts": 35.21,
      "sl_pts": 23.47,
      "open_t": 1772794800,
      "open_bar_j": 616,
      "last_checked_j": 616,
      "result": "sl",
      "pnl": -23.47,
      "close_t": 1772809200
    },
    {
      "strategy": "S05_MFKK_INTRADAY",
      "regime": "WEAK_DOWN",
      "tf": "H1",
      "dir": "buy",
      "entry": 5181.23,
      "tp": 5210.73,
      "sl": 5161.5599999999995,
      "tp_pts": 29.5,
      "sl_pts": 19.67,
      "open_t": 1773324000,
      "open_bar_j": 712,
      "last_checked_j": 712,
      "result": "sl",
      "pnl": -19.67,
      "close_t": 1773327600
    },
    {
      "strategy": "S05_MFKK_INTRADAY",
      "regime": "WEAK_DOWN",
      "tf": "H1",
      "dir": "sell",
      "entry": 4997.53,
      "tp": 4975.3,
      "sl": 5012.349999999999,
      "tp_pts": 22.23,
      "sl_pts": 14.82,
      "open_t": 1773817200,
      "open_bar_j": 797,
      "last_checked_j": 797,
      "result": "sl",
      "pnl": -14.82,
      "close_t": 1773820800
    },
    {
      "strategy": "S05_MFKK_INTRADAY",
      "regime": "WEAK_DOWN",
      "tf": "H1",
      "dir": "sell",
      "entry": 4994.88,
      "tp": 4974.14,
      "sl": 5008.71,
      "tp_pts": 20.74,
      "sl_pts": 13.83,
      "open_t": 1773824400,
      "open_bar_j": 799,
      "last_checked_j": 799,
      "result": "tp",